{"countryCodeToRegionCodeMap":{"1":["US","BS"],"33":["FR"],"36":["HU"],"39":["IT"],"44":["GB","GG"],"48":["PL"],"49":["DE"],"52":["MX"],"54":["AR"],"55":["BR"],"61":["AU","CC","CX"],"64":["NZ"],"65":["SG"],"81":["JP"],"82":["KR"],"244":["AO"],"262":["RE","YT"],"375":["BY"],"376":["AD"],"800":["001"],"971":["AE"],"979":["001"]},"countryToMetadata":{"800":[null,[null,null,"\\d{8}","\\d{8}",null,null,"12345678"],[null,null,"NA","NA",null,null,"12345678"],[null,null,"NA","NA",null,null,"12345678"],[null,null,"\\d{8}","\\d{8}",null,null,"12345678"],[null,null,"NA","NA"],[null,null,"NA","NA"],[null,null,"NA","NA"],[null,null,"NA","NA"],"001",800,"",null,null,null,null,null,null,1,[[null,"(\\d{4})(\\d{4})","$1 $2",null,"","",0]],null,[null,null,"NA","NA"],null,null,[null,null,"NA","NA"],[null,null,"NA","NA"],1,null,[null,null,"NA","NA"]],"979":[null,[null,null,"\\d{9}","\\d{9}",null,null,"123456789"],[null,null,"NA","NA",null,null,"123456789"],[null,null,"NA","NA",null,null,"123456789"],[null,null,"NA","NA"],[null,null,"\\d{9}","\\d{9}",null,null,"123456789"],[null,null,"NA","NA"],[null,null,"NA","NA"],[null,null,"NA","NA"],"001",979,"",null,null,null,null,null,null,1,[[null,"(\\d)(\\d{4})(\\d{4})","$1 $2 $3",null,"","",0]],null,[null,null,"NA","NA"],null,null,[null,null,"NA","NA"],[null,null,"NA","NA"],null,null,[null,null,"NA","NA"]],"AD":[null,[],[],[],[null,null,"NA","NA"],[null,null,"NA","NA"],[null,null,"NA","NA"],[null,null,"NA","NA"],[null,null,"NA","NA"],"AD",376,"00",null,null,null,null,null,null,1,null,null,[null,null,"NA","NA"],null,null,[null,null,"NA","NA"],[null,null,"NA","NA"],null,null,[null,null,"NA","NA"]],"AE":[null,[null,null,"[1-9]\\d{8}","\\d{9}"],[null,null,"[1-9]\\d{8}","\\d{9}"],[null,null,"[1-9]\\d{8}","\\d{9}"],[null,null,"NA","NA"],[null,null,"NA","NA"],[null,null,"NA","NA"],[null,null,"NA","NA"],[null,null,"NA","NA"],"AE",971,"00",null,null,null,null,null,null,1,null,null,[null,null,"NA","NA"],null,null,[null,null,"NA","NA"],[null,null,"600\\d{6}","\\d{9}",null,null,"600123456"],null,null,[null,null,"NA","NA"]],"AO":[null,[null,null,"[29]\\d{8}","\\d{9}"],[null,null,"2\\d(?:[26-9]\\d|\\d[26-9])\\d{5}","\\d{9}",null,null,"222123456"],[null,null,"9[1-3]\\d{7}","\\d{9}",null,null,"923123456"],[null,null,"NA","NA"],[null,null,"NA","NA"],[null,null,"NA","NA"],[null,null,"NA","NA"],[null,null,"NA","NA"],"AO",244,"00","0~0",null,null,"0~0",null,null,null,[[null,"(\\d{3})(\\d{3})(\\d{3})","$1 $2 $3",null,"","",0]],null,[null,null,"NA","NA"],null,null,[null,null,"NA","NA"],[null,null,"NA","NA"],null,null,[null,null,"NA","NA"]],"AR":[null,[null,null,"[1-3689]\\d{9,10}","\\d{6,11}"],[null,null,"[1-3]\\d{9}","\\d{6,10}"],[null,null,"9\\d{10}|[1-3]\\d{9}","\\d{10,11}"],[null,null,"80\\d{8}","\\d{10}"],[null,null,"6(0\\d|10)\\d{7}","\\d{10}"],[null,null,"NA","NA"],[null,null,"NA","NA"],[null,null,"NA","NA"],"AR",54,"00","0",null,null,"0(?:(11|343|3715)15)?","9$1",null,null,[[null,"(\\d{2})(\\d{4})(\\d{4})","$1 $2-$3",["11"],"0$1","",0],[null,"(\\d{4})(\\d{2})(\\d{4})","$1 $2-$3",["1[02-9]|[23]"],"0$1","",0],[null,"(9)(11)(\\d{4})(\\d{4})","$2 15 $3-$4",["911"],"0$1","",0],[null,"(9)(\\d{4})(\\d{2})(\\d{4})","$2 $3-$4",["9(?:1[02-9]|[23])"],"0$1","0$1 $CC",0],[null,"(\\d{3})(\\d{3})(\\d{4})","$1-$2-$3",["[68]"],"0$1","",0]],[[null,"(\\d{2})(\\d{4})(\\d{4})","$1 $2-$3",["11","11"],"0$1","",0],[null,"(\\d{4})(\\d{2})(\\d{4})","$1 $2-$3",["1[02-9]|[23]","1[02-9]|[23]"],"0$1","",0],[null,"(9)(11)(\\d{4})(\\d{4})","$1 $2 $3 $4",["911"]],[null,"(9)(\\d{4})(\\d{2})(\\d{4})","$1 $2 $3 $4",["9(?:1[02-9]|[23])"]],[null,"(\\d{3})(\\d{3})(\\d{4})","$1-$2-$3",["[68]","[68]"],"0$1","",0]],[null,null,"NA","NA"],null,null,[null,null,"NA","NA"],[null,null,"NA","NA"],null,null,[null,null,"NA","NA"]],"AU":[null,[null,null,"[1-578]\\d{4,14}","\\d{5,15}"],[null,null,"[2378]\\d{8}","\\d{9}"],[null,null,"4\\d{8}","\\d{9}"],[null,null,"1800\\d{6}","\\d{10}"],[null,null,"190[0126]\\d{6}","\\d{10}"],[null,null,"NA","NA"],[null,null,"NA","NA"],[null,null,"NA","NA"],"AU",61,"001[12]","0",null,null,"0",null,"0011",null,[[null,"(\\d{4})(\\d{3})(\\d{3})","$1 $2 $3",["1"],"$1","",0],[null,"(\\d{1})(\\d{4})(\\d{4})","$1 $2 $3",["[2-478]"],"0$1","",0]],null,[null,null,"NA","NA"],null,null,[null,null,"NA","NA"],[null,null,"NA","NA"],null,null,[null,null,"NA","NA"]],"BR":[null,[],[],[],[null,null,"NA","NA"],[null,null,"NA","NA"],[null,null,"NA","NA"],[null,null,"NA","NA"],[null,null,"NA","NA"],"BR",55,"",null,null,null,null,null,null,1,null,null,[null,null,"NA","NA"],null,null,[null,null,"NA","NA"],[null,null,"NA","NA"],null,null,[null,null,"NA","NA"]],"BS":[null,[null,null,"(242|8(00|66|77|88)|900)\\d{7}","\\d{7,10}"],[null,null,"242(?:3(?:02|[236][1-9]|4[0-24-9]|5[0-68]|7[3-57]|9[2-5])|4(?:2[237]|51|64|77)|502|636|702)\\d{4}","\\d{7,10}"],[null,null,"242(357|359|457|557)\\d{4}","\\d{10}"],[null,null,"8(00|66|77|88)\\d{7}","\\d{10}"],[null,null,"900\\d{7}","\\d{10}"],[null,null,"NA","NA"],[null,null,"NA","NA"],[null,null,"NA","NA"],"BS",1,"011","1",null,null,"1",null,null,null,null,null,[null,null,"NA","NA"],null,null,[null,null,"NA","NA"],[null,null,"NA","NA"],null,null,[null,null,"NA","NA"]],"BY":[null,[null,null,"[1-9]\\d{5}","\\d{6}"],[null,null,"[1-9]\\d{5}","\\d{6}",null,null,"112345"],[null,null,"[1-9]\\d{5}","\\d{6}"],[null,null,"NA","NA"],[null,null,"NA","NA"],[null,null,"NA","NA"],[null,null,"NA","NA"],[null,null,"NA","NA"],"BY",375,"810","8",null,null,"80?|99999",null,null,1,[[null,"(\\d{4})","$1",["[1-8]"],"8 $1","",0],[null,"(\\d{2})(\\d{3})","$1 $2",["[1-8]"],"8$1","",0],[null,"(\\d{3})(\\d{3})","$1 $2",["[1-8]"],"8 $1","",0]],null,[null,null,"NA","NA"],null,null,[null,null,"NA","NA"],[null,null,"NA","NA"],null,null,[null,null,"NA","NA"]],"CC":[null,[],[],[],[null,null,"NA","NA"],[null,null,"NA","NA"],[null,null,"NA","NA"],[null,null,"NA","NA"],[null,null,"NA","NA"],"CC",61,"",null,null,null,null,null,null,1,null,null,[null,null,"NA","NA"],null,null,[null,null,"NA","NA"],[null,null,"NA","NA"],null,null,[null,null,"NA","NA"]],"CX":[null,[],[],[],[null,null,"NA","NA"],[null,null,"NA","NA"],[null,null,"NA","NA"],[null,null,"NA","NA"],[null,null,"NA","NA"],"CX",61,"",null,null,null,null,null,null,1,null,null,[null,null,"NA","NA"],null,null,[null,null,"NA","NA"],[null,null,"NA","NA"],null,null,[null,null,"NA","NA"]],"DE":[null,[null,null,"\\d{4,14}","\\d{2,14}"],[null,null,"(?:[24-6]\\d{2}|3[03-9]\\d|[789](?:[1-9]\\d|0[2-9]))\\d{1,8}","\\d{2,14}",null,null,"30123456"],[null,null,"1(5\\d{9}|7\\d{8}|6[02]\\d{8}|63\\d{7})","\\d{10,11}"],[null,null,"800\\d{7}","\\d{10}"],[null,null,"900([135]\\d{6}|9\\d{7})","\\d{10,11}"],[null,null,"NA","NA"],[null,null,"NA","NA"],[null,null,"NA","NA"],"DE",49,"00","0",null,null,"0",null,null,null,[[null,"(\\d{3})(\\d{3,8})","$1 $2",["2|3[3-9]|906|[4-9][1-9]1"],"0$1","",0],[null,"(\\d{2})(\\d{4,11})","$1/$2",["[34]0|[68]9"],"0$1","",0],[null,"([4-9]\\d)(\\d{2})","$1 $2",["[4-9]","[4-6]|[7-9](?:\\d[1-9]|[1-9]\\d)"],"0$1","",0],[null,"([4-9]\\d{3})(\\d{2,7})","$1 $2",["[4-9]","[4-6]|[7-9](?:\\d[1-9]|[1-9]\\d)"],"0$1","",0],[null,"(\\d{3})(\\d{1})(\\d{6})","$1 $2 $3",["800"],"0$1","",0],[null,"(\\d{3})(\\d{3,4})(\\d{4})","$1 $2 $3",["900"],"0$1","",0]],null,[null,null,"NA","NA"],null,null,[null,null,"NA","NA"],[null,null,"NA","NA"],null,null,[null,null,"NA","NA"]],"FR":[null,[null,null,"3\\d{6}","\\d{7}"],[null,null,"3\\d{6}","\\d{7}"],[null,null,"3\\d{6}","\\d{7}"],[null,null,"NA","NA"],[null,null,"NA","NA"],[null,null,"NA","NA"],[null,null,"NA","NA"],[null,null,"NA","NA"],"FR",33,"","0",null,null,"0",null,null,1,[[null,"(\\d)(\\d{2})(\\d{2})(\\d{2})","$1 $2 $3 $4",["3"],"0$1","",0]],null,[null,null,"NA","NA"],null,null,[null,null,"NA","NA"],[null,null,"NA","NA"],null,null,[null,null,"NA","NA"]],"GB":[null,[null,null,"\\d{10}","\\d{6,10}"],[null,null,"[1-6]\\d{9}","\\d{6,10}"],[null,null,"7[1-57-9]\\d{8}","\\d{10}"],[null,null,"80\\d{8}","\\d{10}"],[null,null,"9[018]\\d{8}","\\d{10}"],[null,null,"8(?:4[3-5]|7[0-2])\\d{7}","\\d{10}"],[null,null,"70\\d{8}","\\d{10}"],[null,null,"56\\d{8}","\\d{10}"],"GB",44,"00","0",null,null,"0",null,null,null,[[null,"(\\d{2})(\\d{4})(\\d{4})","$1 $2 $3",["[1-59]|[78]0"],"(0$1)","",0],[null,"(\\d)(\\d{3})(\\d{3})(\\d{3})","$1 $2 $3 $4",["6"],"(0$1)","",0],[null,"(\\d{4})(\\d{3})(\\d{3})","$1 $2 $3",["7[1-57-9]"],"(0$1)","",0],[null,"(\\d{3})(\\d{3})(\\d{4})","$1 $2 $3",["8[47]"],"(0$1)","",0]],null,[null,null,"76\\d{8}","\\d{10}"],null,null,[null,null,"NA","NA"],[null,null,"NA","NA"],null,null,[null,null,"NA","NA"]],"GG":[null,[],[],[],[null,null,"NA","NA"],[null,null,"NA","NA"],[null,null,"NA","NA"],[null,null,"NA","NA"],[null,null,"NA","NA"],"GG",44,"",null,null,null,null,null,null,1,null,null,[null,null,"NA","NA"],null,null,[null,null,"NA","NA"],[null,null,"NA","NA"],null,null,[null,null,"NA","NA"]],"HU":[null,[null,null,"30\\d{7}","\\d{9}"],[null,null,"30\\d{7}","\\d{9}"],[null,null,"30\\d{7}","\\d{9}"],[null,null,"NA","NA"],[null,null,"NA","NA"],[null,null,"NA","NA"],[null,null,"NA","NA"],[null,null,"NA","NA"],"HU",36,"","06",null,null,"06",null,null,1,null,null,[null,null,"NA","NA"],null,null,[null,null,"NA","NA"],[null,null,"NA","NA"],null,null,[null,null,"NA","NA"]],"IT":[null,[null,null,"[0389]\\d{5,10}","\\d{6,11}"],[null,null,"0\\d{9,10}","\\d{10,11}"],[null,null,"3\\d{8,9}","\\d{9,10}"],[null,null,"80(?:0\\d{6}|3\\d{3})","\\d{6,9}"],[null,null,"89(?:2\\d{3}|9\\d{6})","\\d{6,9}"],[null,null,"NA","NA"],[null,null,"NA","NA"],[null,null,"NA","NA"],"IT",39,"00",null,null,null,null,null,null,null,[[null,"(\\d{2})(\\d{4})(\\d{4})","$1 $2 $3",["0[26]"],"","",0],[null,"(\\d{3})(\\d{4})(\\d{3,4})","$1 $2 $3",["0[13-57-9]"],"","",0],[null,"(\\d{3})(\\d{3})(\\d{3,4})","$1 $2 $3",["3"],"","",0],[null,"(\\d{3})(\\d{3,6})","$1 $2",["8"],"","",0]],null,[null,null,"NA","NA"],null,null,[null,null,"NA","NA"],[null,null,"NA","NA"],1,null,[null,null,"NA","NA"]],"JP":[null,[null,null,"07\\d{5}|[1-357-9]\\d{3,10}","\\d{4,11}"],[null,null,"07\\d{5}|[1-357-9]\\d{3,10}","\\d{4,11}"],[null,null,"07\\d{5}|[1-357-9]\\d{3,10}","\\d{4,11}"],[null,null,"0777[01]\\d{2}","\\d{7}",null,null,"0777012"],[null,null,"NA","NA"],[null,null,"NA","NA"],[null,null,"NA","NA"],[null,null,"NA","NA"],"JP",81,"010","0",null,null,"0",null,null,1,[[null,"(\\d{2})(\\d{4})(\\d{4})","$1 $2 $3",["[57-9]0"],"0$1","",0],[null,"(\\d{2})(\\d{2})(\\d{3})(\\d{4})","$1 $2 $3 $4",["[57-9]0"],"0$1","",0],[null,"(\\d{2})(\\d{3})(\\d{4})","$1 $2 $3",["111|222|333","(?:111|222|333)1","(?:111|222|333)11"],"0$1","",0],[null,"(\\d{4})(\\d)(\\d{4})","$1 $2 $3",["222|333","2221|3332","22212|3332","222120|3332"],"0$1","",0],[null,"(\\d{3})(\\d{2})(\\d{4})","$1 $2 $3",["[23]"],"0$1","",0],[null,"(\\d{3})(\\d{4})","$1-$2",["077"],"0$1","",0],[null,"(\\d{4})","*$1",["[23]"],"$1","",0]],null,[null,null,"NA","NA"],null,null,[null,null,"[23]\\d{3}","\\d{4}"],[null,null,"NA","NA"],1,null,[null,null,"NA","NA"]],"KR":[null,[null,null,"[1-7]\\d{3,9}|8\\d{8}","\\d{4,10}"],[null,null,"(?:2|[34][1-3]|5[1-5]|6[1-4])(?:1\\d{2,3}|[2-9]\\d{6,7})","\\d{4,10}",null,null,"22123456"],[null,null,"1[0-25-9]\\d{7,8}","\\d{9,10}",null,null,"1023456789"],[null,null,"80\\d{7}","\\d{9}",null,null,"801234567"],[null,null,"60[2-9]\\d{6}","\\d{9}",null,null,"602345678"],[null,null,"NA","NA"],[null,null,"50\\d{8}","\\d{10}",null,null,"5012345678"],[null,null,"70\\d{8}","\\d{10}",null,null,"7012345678"],"KR",82,"00(?:[124-68]|[37]\\d{2})","0",null,null,"0(8[1-46-8]|85\\d{2})?",null,null,null,[[null,"(\\d{2})(\\d{4})(\\d{4})","$1-$2-$3",["1(?:0|1[19]|[69]9|5[458])|[57]0","1(?:0|1[19]|[69]9|5(?:44|59|8))|[57]0"],"0$1","",0],[null,"(\\d{2})(\\d{3})(\\d{4})","$1-$2-$3",["1(?:[169][2-8]|[78]|5[1-4])|[68]0|[3-6][1-9][2-9]","1(?:[169][2-8]|[78]|5(?:[1-3]|4[56]))|[68]0|[3-6][1-9][2-9]"],"0$1","",0],[null,"(\\d{3})(\\d)(\\d{4})","$1-$2-$3",["131","1312"],"0$1","",0],[null,"(\\d{3})(\\d{2})(\\d{4})","$1-$2-$3",["131","131[13-9]"],"0$1","",0],[null,"(\\d{3})(\\d{3})(\\d{4})","$1-$2-$3",["13[2-9]"],"0$1","",0],[null,"(\\d{2})(\\d{2})(\\d{3})(\\d{4})","$1-$2-$3-$4",["30"],"0$1","",0],[null,"(\\d)(\\d{4})(\\d{4})","$1-$2-$3",["2(?:[26]|3[0-467])","2(?:[26]|3(?:01|1[45]|2[17-9]|39|4|6[67]|7[078]))"],"0$1","",0],[null,"(\\d)(\\d{3})(\\d{4})","$1-$2-$3",["2(?:3[0-35-9]|[457-9])","2(?:3(?:0[02-9]|1[0-36-9]|2[02-6]|3[0-8]|6[0-589]|7[1-69]|[589])|[457-9])"],"0$1","",0],[null,"(\\d)(\\d{3})","$1-$2",["21[0-46-9]","21(?:[0-247-9]|3[124]|6[1269])"],"0$1","",0],[null,"(\\d)(\\d{4})","$1-$2",["21[36]","21(?:3[035-9]|6[03-578])"],"0$1","",0],[null,"(\\d{2})(\\d{3})","$1-$2",["[3-6][1-9]1","[3-6][1-9]1(?:[0-46-9])","[3-6][1-9]1(?:[0-247-9]|3[124]|6[1269])"],"0$1","",0],[null,"(\\d{2})(\\d{4})","$1-$2",["[3-6][1-9]1","[3-6][1-9]1[36]","[3-6][1-9]1(?:3[035-9]|6[03-578])"],"0$1","",0]],null,[null,null,"NA","NA"],null,null,[null,null,"NA","NA"],[null,null,"NA","NA"],null,null,[null,null,"NA","NA"]],"MX":[null,[null,null,"[1-9]\\d{9,10}","\\d{7,11}"],[null,null,"[2-9]\\d{9}","\\d{7,10}"],[null,null,"1\\d{10}","\\d{11}"],[null,null,"800\\d{7}","\\d{10}"],[null,null,"900\\d{7}","\\d{10}"],[null,null,"NA","NA"],[null,null,"NA","NA"],[null,null,"NA","NA"],"MX",52,"00","01",null,null,"01|04[45](\\d{10})","1$1",null,null,[[null,"(\\d{3})(\\d{3})(\\d{4})","$1 $2 $3",["[89]00"],"01 $1","",1],[null,"(\\d{2})(\\d{4})(\\d{4})","$1 $2 $3",["33|55|81"],"01 $1","",1],[null,"(\\d{3})(\\d{3})(\\d{4})","$1 $2 $3",["[2467]|3[0-24-9]|5[0-46-9]|8[2-9]|9[1-9]"],"01 $1","",1],[null,"(1)(\\d{2})(\\d{4})(\\d{4})","045 $2 $3 $4",["1(?:33|55|81)"],"$1","",1],[null,"(1)(\\d{3})(\\d{3})(\\d{4})","045 $2 $3 $4",["1(?:[124579]|3[0-24-9]|5[0-46-9]|8[02-9])"],"$1","",1]],[[null,"(\\d{3})(\\d{3})(\\d{4})","$1 $2 $3",["[89]00","[89]00"],"01 $1","",1],[null,"(\\d{2})(\\d{4})(\\d{4})","$1 $2 $3",["33|55|81","33|55|81"],"01 $1","",1],[null,"(\\d{3})(\\d{3})(\\d{4})","$1 $2 $3",["[2467]|3[0-24-9]|5[0-46-9]|8[2-9]|9[1-9]","[2467]|3[0-24-9]|5[0-46-9]|8[2-9]|9[1-9]"],"01 $1","",1],[null,"(1)(\\d{2})(\\d{4})(\\d{4})","$1 $2 $3 $4",["1(?:33|55|81)"]],[null,"(1)(\\d{3})(\\d{3})(\\d{4})","$1 $2 $3 $4",["1(?:[124579]|3[0-24-9]|5[0-46-9]|8[02-9])"]]],[null,null,"NA","NA"],null,null,[null,null,"NA","NA"],[null,null,"NA","NA"],null,null,[null,null,"NA","NA"]],"NZ":[null,[null,null,"[289]\\d{7,9}|[3-7]\\d{7}","\\d{7,10}"],[null,null,"24099\\d{3}|(?:3[2-79]|[479][2-689]|6[235-9])\\d{6}","\\d{7,8}"],[null,null,"2(?:[027]\\d{7}|9\\d{6,7}|1(?:0\\d{5,7}|[12]\\d{5,6}|[3-9]\\d{5})|4[1-9]\\d{6}|8\\d{7,8})","\\d{8,10}"],[null,null,"800\\d{6,7}","\\d{9,10}"],[null,null,"900\\d{6,7}","\\d{9,10}"],[null,null,"NA","NA"],[null,null,"NA","NA"],[null,null,"NA","NA"],"NZ",64,"00","0",null,null,"0",null,null,null,[[null,"(\\d)(\\d{3})(\\d{4})","$1-$2 $3",["24|[34679]"],"0$1","",0],[null,"(\\d)(\\d{3})(\\d{3,5})","$1-$2 $3",["2[179]"],"0$1","",0],[null,"(\\d{3})(\\d{3})(\\d{3,4})","$1 $2 $3",["[89]"],"0$1","",0]],null,[null,null,"NA","NA"],null,null,[null,null,"NA","NA"],[null,null,"NA","NA"],null,null,[null,null,"NA","NA"]],"PL":[null,[null,null,"[1-9]\\d{8}","\\d{9}"],[null,null,"[1-9]\\d{8}","\\d{9}"],[null,null,"(?:5[01]|6[069]|7[289]|88)\\d{7}","\\d{9}"],[null,null,"800\\d{6}","\\d{9}"],[null,null,"70\\d{7}","\\d{9}"],[null,null,"NA","NA"],[null,null,"NA","NA"],[null,null,"NA","NA"],"PL",48,"00","0",null,null,"0",null,null,null,[[null,"(\\d{2})(\\d{3})(\\d{2})(\\d{2})","$1 $2 $3 $4",null,"0$1","",0]],null,[null,null,"NA","NA"],null,null,[null,null,"NA","NA"],[null,null,"NA","NA"],null,null,[null,null,"NA","NA"]],"RE":[null,[null,null,"[268]\\d{8}","\\d{9}"],[null,null,"262\\d{6}","\\d{9}",null,null,"262161234"],[null,null,"6(?:9[23]|47)\\d{6}","\\d{9}",null,null,"692123456"],[null,null,"80\\d{7}","\\d{9}",null,null,"801234567"],[null,null,"8(?:1[01]|2[0156]|84|9[0-37-9])\\d{6}","\\d{9}",null,null,"810123456"],[null,null,"NA","NA"],[null,null,"NA","NA"],[null,null,"NA","NA"],"RE",262,"00","0",null,null,"0",null,null,null,[[null,"([268]\\d{2})(\\d{2})(\\d{2})(\\d{2})","$1 $2 $3 $4",null,"0$1","",0]],null,[null,null,"NA","NA"],null,"262|6(?:9[23]|47)|8",[null,null,"NA","NA"],[null,null,"NA","NA"],null,null,[null,null,"NA","NA"]],"SG":[null,[null,null,"[13689]\\d{7,10}","\\d{8}|\\d{10,11}"],[null,null,"[36]\\d{7}","\\d{8}"],[null,null,"[89]\\d{7}","\\d{8}"],[null,null,"1?800\\d{7}","\\d{10,11}"],[null,null,"1900\\d{7}","\\d{11}"],[null,null,"NA","NA"],[null,null,"NA","NA"],[null,null,"NA","NA"],"SG",65,"0[0-3][0-9]",null,null,null,"777777",null,null,null,[[null,"(\\d{4})(\\d{4})","$1 $2",["[369]|8[1-9]"],"","",0],[null,"(\\d{4})(\\d{3})(\\d{4})","$1 $2 $3",["1[89]"],"","",0],[null,"(\\d{3})(\\d{3})(\\d{4})","$1 $2 $3",["800"],"","",0]],null,[null,null,"NA","NA"],null,null,[null,null,"NA","NA"],[null,null,"NA","NA"],null,null,[null,null,"NA","NA"]],"US":[null,[null,null,"[13-689]\\d{9}|2[0-35-9]\\d{8}","\\d{7}(?:\\d{3})?",null,null,"1234567890"],[null,null,"[13-689]\\d{9}|2[0-35-9]\\d{8}","\\d{7}(?:\\d{3})?",null,null,"1234567890"],[null,null,"[13-689]\\d{9}|2[0-35-9]\\d{8}","\\d{7}(?:\\d{3})?",null,null,"1234567890"],[null,null,"8(?:00|66|77|88)\\d{7}","\\d{10}",null,null,"1234567890"],[null,null,"900\\d{7}","\\d{10}",null,null,"1234567890"],[null,null,"NA","NA"],[null,null,"NA","NA"],[null,null,"NA","NA"],"US",1,"011","1"," extn. ",null,"1",null,null,1,[[null,"(\\d{3})(\\d{4})","$1 $2",null,"","",1],[null,"(\\d{3})(\\d{3})(\\d{4})","$1 $2 $3",null,"","",1]],[[null,"(\\d{3})(\\d{3})(\\d{4})","$1 $2 $3",null,"","",1]],[null,null,"NA","NA"],1,null,[null,null,"800\\d{7}","\\d{10}",null,null,"1234567890"],[null,null,"NA","NA"],null,null,[null,null,"NA","NA"]],"YT":[null,[null,null,"[268]\\d{8}","\\d{9}"],[null,null,"2696[0-4]\\d{4}","\\d{9}",null,null,"269601234"],[null,null,"639\\d{6}","\\d{9}",null,null,"639123456"],[null,null,"80\\d{7}","\\d{9}",null,null,"801234567"],[null,null,"NA","NA"],[null,null,"NA","NA"],[null,null,"NA","NA"],[null,null,"NA","NA"],"YT",262,"00","0",null,null,"0",null,null,null,null,null,[null,null,"NA","NA"],null,"269|639",[null,null,"NA","NA"],[null,null,"NA","NA"],null,null,[null,null,"NA","NA"]]}}